Aada;Aado
Abadon;Abadone
Ábel;Ábeli
Abigail;Abigailo
Abraham;Abrahame
Absolón;Absolóne
Adalberta;Adalberto
Adam;Adame
Adamec;Adamče
Adelaida;Adelaido
Adolf;Adolfe
Adolfa;Adolfo
Adrienne;Adrienno
Afra;Afro
Agaton;Agatone
Aglaja;Aglajo
Agnes;Agnes
Achilles;Achille
Aino;Aino
Ajax;Ajaxi
Aksel;Akseli
Akseli;Akseli
Alan;Alane
Alana;Alano
Albert;Alberte
Alberta;Alberto
Alberte;Alberte
Albrecht;Albrechte
Aleksi;Aleksii
Alena;Aleno
Aleš;Aleši
Alex;Alexi
Alexander;Alexandre
Alexandr;Alexandře
Alexandra;Alexandro
Alexej;Alexeji
Alfréd;Alfréde
Alice;Alice
Alicia;Alicie
Alina;Alino
Alois;Aloisi
Aloisie;Aloisie
Alva;Alvo
Alvin;Alvine
Alwa;Alwo
Amalie;Amalie
Amálie;Amálie
Amand;Amande
Amanda;Amando
Amáta;Amáto
Ambrož;Ambroži
Amos;Amosi
Amy;Amy
Anakreon;Anakreone
Anastáz;Anastázi
Anastázie;Anastázie
Anatólie;Anatólie
Anaxagoras;Anaxagore
Anděl;Anděli
Anděla;Andělo
Anders;Andersi
Andrea;Andreo
Andrej;Andreji
Andrew;Andrew
Anežka;Anežko
Angus;Angusi
Anchuej;Anchueji
Anita;Anito
Anna;Anno
Anni;Annio
Anouilh;Anouilhi
Anselm;Anselme
Anselma;Anselmo
Anton;Antone
Antonín;Antoníne
Apolena;Apoleno
Aranka;Aranko
Arbes;Arbesi
Archimedes;Archimede
Ariana;Ariano
Ariel;Arieli
Aristoteles;Aristotele
Arkád;Arkáde
Arleta;Arleto
Armin;Armine
Arna;Arno
Arnar;Arnare
Arnold;Arnolde
Arnoštka;Arnoštko
Aron;Arone
Árón;Áróne
Artemis;Artemido
Artur;Arture
Arvid;Arvide
Arya;Aryo
Arzen;Arzene
Asterix;Asterixi
Atanázie;Atanázie
Atila;Atilo
Atlas;Atlasi
Aurel;Aureli
Aurélie;Aurélie
Axel;Axeli
Babeta;Babeto
Balázs;Balázsi
Baláž;Baláži
Baltazar;Baltazare
Balzac;Balzacu
Barrande;Barrande
Bart;Barte
Bartoloměj;Bartoloměji
Beáta;Beáto
Beatus;Beate
Beaufort;Beauforte
Bedřiška;Bedřiško
Běla;Bělo
Benedikt;Benedikte
Benedikta;Benedikto
Beneš;Beneši
Bernadette;Bernadette
Bernard;Bernarde
Bernarda;Bernardo
Bertolda;Bertoldo
Bertram;Bertrame
Bibiana;Bibiano
Bilbo;Bilbo
Bill;Bille
Birgit;Birgit
Blahomil;Blahomile
Blahomila;Blahomilo
Blahoslav;Blahoslave
Blahoslava;Blahoslavo
Blažena;Blaženo
Bleibtreu;Bleibtreui
Bohdan;Bohdane
Bohumil;Bohumile
Bohumila;Bohumilo
Bohuna;Bohuno
Bohuslav;Bohuslave
Bojan;Bojane
Bojana;Bojano
Boleslav;Boleslave
Boleslava;Boleslavo
Bono;Bono
Boris;Borisi
Boromir;Boromire
Bořislav;Bořislave
Božena;Boženo
Božetěch;Božetěchu
Božidara;Božidaro
Božislav;Božislave
Bran;Brane
Brandon;Brandone
Branislav;Branislave
Braque;Braque
Bratislava;Bratislavo
Brian;Briane
Brienne;Brienne
Brigita;Brigito
Britta;Britto
Bronislava;Bronislavo
Bronn;Bronne
Brontosaurus;Brontosaure
Brown;Browne
Bruce;Bruci
Brunhilda;Brunhildo
Bruno;Bruno
Budimír;Budimíre
Budivoj;Budivoji
Buďonnyj;Buďonný
Bůh;Bože
Byrne;Byrne
Carmen;Carmen
Caroline;Caroline
Catelyn;Catelyn
Catherin;Catherin
Cecílie;Cecílie
Celestýn;Celestýne
Celie;Celie
Ceres;Cerero
Cerneţ;Cerneţi
Cersei;Cersei
Claire;Claire
Clara;Claro
Coleridge;Coleridgi
Cooper;Coopere
Corneille;Corneilli
Ctibor;Ctibore
Ctibora;Ctiboro
Ctislav;Ctislave
Ctislava;Ctislavo
Cyklus;Cykle
Cyril;Cyrile
Cyrila;Cyrilo
Čajkovskij;Čajkovský
Čestmír;Čestmíre
Čestmíra;Čestmíro
Člověk;Člověče
Daario;Daario
Daenerys;Daenerys
Dafnis;Dafnide
Dag;Dagu
Dagmar;Dagmar
Dagur;Dagure
Dalida;Dalido
Dalila;Dalilo
Dalimil;Dalimile
Dalimíra;Dalimíro
Damián;Damiáne
Damiána;Damiáno
Danica;Danico
Daniel;Danieli
Daníel;Daníeli
Danuta;Danuto
Darina;Darino
Darius;Darie
Dave;Dave
Debora;Deboro
Delisa;Deliso
Demeter;Demetero
Demosthenes;Demosthene
Denis;Denisi
Denisa;Deniso
Descartes;Descarte
Desmoulins;Desmoulinsi
Dětmar;Dětmare
Dezider;Dezideri
Diana;Diano
Dina;Dino
Dino;Dino
Dinosaurus;Dinosaure
Diviška;Diviško
Dluhoš;Dluhoši
Dobeš;Dobeši
Dobromila;Dobromilo
Dobromír;Dobromíre
Dobroslava;Dobroslavo
Dominik;Dominiku
Dominus;Domine
Donalda;Donaldo
Donát;Donáte
Dora;Doro
Doubravka;Doubravko
Drahomil;Drahomile
Drahomíra;Drahomíro
Drahoslav;Drahoslave
Drahotín;Drahotíne
Drahuše;Drahuše
Drake;Drakeu
Dubak;Dubaku
Dům;Dome
Dušana;Dušano
Ebba;Ebbo
Eddard;Eddarde
Edgar;Edgare
Eduarda;Eduardo
Edvard;Edvarde
Eemeli;Eemeli
Eetu;Eetu
Egmont;Egmonte
Einar;Einare
Eino;Eino
Ela;Elo
Eleonor;Eleonoro
Eleonora;Eleonoro
Elias;Eliasi
Eliáš;Eliáši
Elise;Eliso
Eliška;Eliško
Ella;Ello
Elle;Ello
Elli;Elli
Elmar;Elmare
Elsa;Elso
Elza;Elzo
Emanuel;Emanueli
Emanuela;Emanuelo
Emil;Emile
Emilia;Emilie
Emilía;Emilío
Emilie;Emilie
Emily;Emily
Emma;Emmo
Erazim;Erazime
Eric;Ericu
Erik;Eriku
Erika;Eriko
Ervín;Ervíne
Ervína;Ervíno
Ester;Ester
Etela;Etelo
Eulálie;Eulálie
Eusebie;Eusebie
Eva;Evo
Evald;Evalde
Evarist;Evariste
Evelína;Evelíno
Ezechiel;Ezechieli
Fabián;Fabiáne
Fabie;Fabie
Faustýna;Faustýno
Fedor;Fedore
Fedora;Fedoro
Ferdinand;Ferdinande
Ferdinanda;Ferdinando
Filemon;Filemone
Filip;Filipe
Filipa;Filipo
Flavián;Flaviáne
Flavie;Flavie
Floki;Floki
Florentýna;Florentýno
Florián;Floriáne
Fontaine;Fontaine
Forsyte;Forsyte
Foster;Fostere
France;Franci
František;Františku
Frederik;Frederiku
Freja;Frejo
Freyja;Freyjo
Frida;Frido
Frída;Frído
Frodo;Frodo
Gabin;Gabine
Gable;Gable
Gabriel;Gabrieli
Gaja;Gajo
Gál;Gáli
Galecki;Galecki
Gandalf;Gandalfe
Garika;Gariko
Gaston;Gastone
Genadij;Genadiji
Gendry;Gendry
Génius;Génie
George;Georgi
Georges;Georgesi
Geralda;Geraldo
Gerard;Gerarde
Gerda;Gerdo
Géza;Gézo
Gilberta;Gilberto
Gita;Gito
Gjergj;Gjergji
Gleb;Glebe
Glorie;Glorie
Gorazd;Gorazde
Gothard;Gotharde
Grácie;Grácie
Grant;Grante
Gregor;Gregore
Gréta;Gréto
Gross;Grossi
Gudrun;Gudruno
Gunnar;Gunnare
Gustav;Gustave
Gvendolína;Gvendolíno
Hana;Hano
Hanna;Hanno
Harald;Haralde
Harry;Harry
Havel;Havli
Havla;Havlo
Heath;Heathi
Hedvika;Hedviko
Hektor;Hektore
Helberg;Helbergu
Helena;Heleno
Helmi;Helmio
Hemingway;Hemingwayi
Henrik;Henriku
Herakles;Herakle
Herbert;Herberte
Herberta;Herberto
Herkules;Herkule
Hermes;Herme
Hermiona;Hermiono
Herta;Herto
Heřman;Heřmane
Hilar;Hilare
Hlinomaz;Hlinomazi
Hodor;Hodore
Hofstadter;Hofstadtere
Homer;Homere
Homér;Homére
Honza;Honzo
Horác;Horáci
Horec;Horče
Hortenzie;Hortenzie
Horymír;Horymíre
Hostimila;Hostimilo
Hostislav;Hostislave
Hovard;Hovarde
Howard;Howarde
Hrubeš;Hrubeši
Hubble;Hubble
Hugo;Hugo
Hus;Huse
Hustoles;Hustolesi
Hvězdoslava;Hvězdoslavo
Hyacint;Hyacinte
Hynais;Hynaisi
Hynek;Hynku
Hypolit;Hypolite
Charis;Charito
Charles;Charlesi
Charlie;Charlie
Chateaubriand;Chateaubriande
Cheops;Cheopsi
Chirac;Chiracu
Chmel;Chmeli
Chranibor;Chranibore
Chranislava;Chranislavo
Chrudoš;Chrudoši
Ida;Ido
Ignác;Ignáci
Iida;Iido
Iina;Iino
Ikaros;Ikare
Ikarus;Ikare
Ildika;Ildiko
Ilja;Iljo
Ilona;Ilono
Inéz;Inézi
Ingrid;Ingrid
Irena;Ireno
Irenej;Ireneji
Irma;Irmo
Isabella;Isabello
Isabelle;Isabello
Isak;Isaku
Ivan;Ivane
Ivana;Ivano
Ivo;Ivo
Ivona;Ivono
Izák;Izáku
Izidora;Izidoro
Izmael;Izmaeli
Jack;Jacku
Jacob;Jacobe
Jacques;Jacqueu
Jadrana;Jadrano
Jáchym;Jáchyme
Jaime;Jaime
Jake;Jakeu
Jakob;Jakobe
Jakubec;Jakubče
Jakubův;Jakubův
Jan;Jane
Jana;Jano
Jane;Jane
Jarolím;Jarolíme
Jarolíma;Jarolímo
Jaroslav;Jaroslave
Jaroslava;Jaroslavo
Jasna;Jasno
Jean;Jeane
Jeane;Jeane
Jeanette;Jeanette
Jelínek;Jelínku
Jenovéfa;Jenovéfo
Jens;Jensi
Jeremiáš;Jeremiáši
Jiljí;Jiljí
Jim;Jime
Jindra;Jindro
Jindřich;Jindřichu
Jirka;Jirko
Jiří;Jiří
Jiříček;Jiříčku
Jiřík;Jiříku
Jiřina;Jiřino
Job;Jobe
Joffrey;Joffrey
John;Johne
Johnny;Johnny
Jolana;Jolano
Jon;Jone
Jón;Jóne
Jonas;Jonasi
Jonáš;Jonáši
Joona;Joono
Jordan;Jordane
Jordana;Jordano
Josefa;Josefo
Josefine;Josefine
Josh;Joshi
Joshua;Joshuo
Jošt;Jošte
Juda;Judo
Judita;Judito
Jules;Julesi
Julia;Julie
Júlía;Júlío
Julie;Julie
Julius;Julie
Juta;Juto
Kadlec;Kadlče
Kajetán;Kajetáne
Kaley;Kaley
Karel;Karli
Karen;Karen
Kári;Kári
Karin;Karin
Karla;Karlo
Karmela;Karmelo
Karol;Karole
Karolína;Karolíno
Kastor;Kastore
Kate;Kate
Katla;Katlo
Katrin;Katrin
Katrín;Katrín
Kazimír;Kazimíre
Kazimíra;Kazimíro
Kevin;Kevine
Kim;Kime
Klara;Klaro
Klára;Kláro
Klaus;Klausi
Klementýna;Klementýno
Klotylda;Klotyldo
Kmotr;Kmotře
Knud;Knude
Knut;Knute
Koločai;Koločaii
Kolombín;Kolombíne
Kolombína;Kolombíno
Konstantýn;Konstantýne
Konzuela;Konzuelo
Koothrappali;Koothrappali
Kordula;Kordulo
Kos;Kose
Kosma;Kosmo
Kosmas;Kosmasi
Kramerius;Kramerie
Krasava;Krasavo
Krasoslav;Krasoslave
Kraus;Krausi
Krejčí;Krejčí
Kristýna;Kristýno
Kryšpín;Kryšpíne
Křesomysl;Křesomysli
Kůň;Koni
Kunal;Kunale
Kurt;Kurte
Kuře;Kuře
Květa;Květo
Květoslav;Květoslave
Kvido;Kvido
Labiche;Labichi
Lada;Lado
Lambert;Lamberte
Langer;Langře
Larisa;Lariso
Laura;Lauro
Laurenc;Laurenci
Laurencie;Laurencie
Lauri;Lauri
Leah;Leah
Leandr;Leandře
Léda;Lédo
Leevi;Leevi
Lenka;Lenko
Lenni;Lenni
Lenny;Lenny
Leo;Leo
Leodegar;Leodegare
Leon;Leone
Leona;Leono
Leonard;Leonarde
Leonid;Leonide
Leopold;Leopolde
Leopolda;Leopoldo
Lešek;Lešku
Liam;Liame
Liběna;Liběno
Libor;Libore
Liboslava;Liboslavo
Liliana;Liliano
Lilly;Lilly
Linda;Lindo
Link;Linku
Linnea;Linneo
Lionel;Lioneli
Lisa;Liso
Liva;Livo
Liza;Lizo
Ljuba;Ljubo
Lobkowicz;Lobkowiczi
Loi;Loii
Loreta;Loreto
Lota;Loto
Lotar;Lotare
Louise;Louiso
Lubor;Lubore
Lucas;Lucasi
Lucián;Luciáne
Lucie;Lucie
Lucy;Lucy
Ludivoj;Ludivoji
Luďka;Luďko
Ludomíra;Ludomíro
Ludoslav;Ludoslave
Ludvig;Ludvigu
Ludvíka;Ludvíko
Luigi;Luigi
Luis;Luisi
Lukáš;Lukáši
Lukrécie;Lukrécie
Lumír;Lumíre
Lýdie;Lýdie
Macbeth;Macbethe
Magda;Magdo
Maggie;Maggie
Magnus;Magnusi
Mahulena;Mahuleno
Machek;Machku
Maja;Majo
Malíček;Malíčku
Malthe;Malthe
Malvína;Malvíno
Mánes;Mánesi
Manfréd;Manfréde
Manuel;Manueli
Manuela;Manuelo
Marcus;Marcu
Marek;Marku
Mareš;Mareši
Margaery;Margaery
Marge;Marge
Margit;Margit
March;Marchi
María;Marío
Marie;Marie
Marika;Mariko
Marin;Marine
Marina;Marino
Mario;Mario
Marion;Marion
Marita;Marito
Mark;Marku
Markus;Marku
Marlena;Marleno
Mars;Marte
Marsyas;Marsye
Martin;Martine
Martina;Martino
Marx;Marxi
Mary;Mary
Marylin;Marylin
Mathesius;Mathesie
Mathias;Mathiasi
Mathilde;Mathildo
Matias;Matiasi
Matisse;Matissi
Matouš;Matouši
Maud;Maud
Maurice;Maurici
Maxmilián;Maxmiliáne
May;Mayi
Mečislava;Mečislavo
Medard;Medarde
Melánie;Melánie
Melisa;Meliso
Melisandra;Melisandro
Menzel;Menzeli
Merlin;Merline
Metod;Metode
Michael;Michaeli
Michaela;Michaelo
Mikael;Mikaeli
Mike;Mikeu
Mikkel;Mikkeli
Mikoláš;Mikoláši
Mikuláš;Mikuláši
Milana;Milano
Milíč;Milíči
Miloň;Miloni
Miloslav;Miloslave
Miloslava;Miloslavo
Milota;Miloto
Milovan;Milovane
Miluše;Miluše
Mirabela;Mirabelo
Mirela;Mirelo
Miriam;Miriam
Mirka;Mirko
Miromil;Miromile
Miroslav;Miroslave
Miroslava;Miroslavo
Mnata;Mnato
Modest;Modeste
Mojžíš;Mojžíši
Molly;Molly
Mona;Mono
Montaigne;Montaigni
Moric;Morici
Mulish;Mulishi
Muriel;Muriel
Myrtil;Myrtile
Naďa;Naďo
Nagy;Nagyi
Naneta;Naneto
Narcis;Narcisi
Natálie;Natálie
Natanael;Natanaeli
Ned;Nede
Neda;Nedo
Neklan;Neklane
Nella;Nello
Němec;Němče
Nevena;Neveno
Nezamysl;Nezamysli
Niilo;Niiloi
Nik;Niku
Niki;Niki
Nikodém;Nikodéme
Nikodéma;Nikodémo
Nikolai;Nikolaii
Nikolas;Nikolasi
Nila;Nilo
Noah;Noahu
Nobel;Nobeli
Noema;Noemo
Nora;Noro
Norbert;Norberte
Norma;Normo
Nováková;Nováková
Oberyn;Oberyne
Odolen;Odolene
Ofélie;Ofélie
Oktavián;Oktaviáne
Olbram;Olbrame
Oldřiška;Oldřiško
Oleg;Olegu
Oliver;Olivere
Olivia;Olivie
Olivie;Olivie
Olle;Olle
Omar;Omare
Ondřejka;Ondřejko
Onni;Onnio
Oprštěný;Oprštěný
Orest;Oreste
Oscar;Oscare
Oskar;Oskare
Osvald;Osvalde
Otakar;Otakare
Otýlie;Otýlie
Ovce;Ovce
Ovidius;Ovidie
Palivec;Palivče
Pallas;Pallado
Palmface;Palmfaci
Palmira;Palmiro
Pankrác;Pankráci
Paris;Paride
Parsons;Parsonsi
Paskal;Paskale
Paskala;Paskalo
Pavel;Pavle
Pavla;Pavlo
Pavol;Pavole
Penelopa;Penelopo
Penny;Penny
Pepa;Pepo
Perikles;Perikle
Pérrault;Pérraulte
Perzida;Perzido
Péťa;Péťo
Pete;Pete
Peter;Petere
Petr;Petře
Petronela;Petronelo
Petronius;Petronie
Petrů;Petrů
Petrůj;Petrůji
Petyr;Petyre
Pcheng;Pchengu
Pierre;Pierre
Pihla;Pihlo
Pilar;Pilar
Pipin;Pipine
Pistorius;Pistorie
Platon;Platone
Platón;Platóne
Podrick;Podricku
Pollux;Polluxi
Popovici;Popovicii
Popovič;Popoviči
Potter;Pottere
Pravdomil;Pravdomile
Pravomila;Pravomilo
Pravoslava;Pravoslavo
Prévost;Prévoste
Prixos;Prixi
Prokop;Prokope
Prokopa;Prokopo
Prometeus;Prometee
Prosper;Prospere
Přibyslav;Přibyslave
Pythagoras;Pythagore
Quis;Quisi
Radana;Radano
Radhost;Radhoste
Radivoj;Radivoji
Radka;Radko
Radmila;Radmilo
Radomír;Radomíre
Radoslava;Radoslavo
Radovan;Radovane
Rafael;Rafaeli
Ragnar;Ragnare
Ráchel;Ráchel
Rainald;Rainalde
Rainhard;Rainharde
Rais;Raisi
Rajesh;Rajeshi
Rakel;Rakel
Ralf;Ralfe
Ramona;Ramono
Randolf;Randolfe
Rasmus;Rasmusi
Ratibor;Ratibore
Redmond;Redmonde
Regína;Regíno
Remarque;Remarque
Remus;Remusi
René;René
Richard;Richarde
Richarda;Richardo
Rita;Rito
Robb;Robbe
Robert;Roberte
Róbert;Róberte
Robina;Robino
Robinson;Robinsone
Roderik;Roderiku
Roch;Rochu
Rochefoucauld;Rochefoucaulde
Rolf;Rolfe
Romeo;Romeo
Romul;Romule
Ron;Rone
Rostislav;Rostislave
Rostislava;Rostislavo
Roxana;Roxano
Roy;Royi
Rozálie;Rozálie
Rozamunda;Rozamundo
Rozina;Rozino
Rozvita;Rozvito
Rožec;Rožče
Rudolf;Rudolfe
Rupert;Ruperte
Rut;Rut
Růžena;Růženo
Rytmus;Rytme
Řehoř;Řehoři
Sabina;Sabino
Saga;Sago
Salomea;Salomeo
Samson;Samsone
Sandra;Sandro
Sansa;Sanso
Sara;Saro
Sára;Sáro
Saskie;Saskie
Saturnin;Saturnine
Sáva;Sávo
Sebastian;Sebastiane
Sedrik;Sedriku
Selena;Seleno
Senta;Sento
Serena;Sereno
Serenus;Serenusi
Sergio;Sergio
Servác;Serváci
Sfinx;Sfingo
Shakespeare;Shakespeare
Sheldon;Sheldone
Schengel;Schengeli
Schlegel;Schlegeli
Schneider;Schneidere
Sibyla;Sibylo
Sidon;Sidone
Sigurour;Siguroure
Siiri;Siirio
Silván;Silváne
Silvána;Silváno
Simeon;Simeone
Simon;Simone
Simona;Simono
Sixt;Sixte
Slavěna;Slavěno
Slaviboj;Slaviboji
Slavomil;Slavomile
Slavomila;Slavomilo
Smil;Smile
Smíšek;Smíšku
Smith;Smithi
Soběslava;Soběslavo
Sofia;Sofie
Sofie;Sofie
Sokrat;Sokrate
Solveig;Solveig
Soren;Sorene
Sotira;Sotiro
Spock;Spocku
Spytihněv;Spytihněve
Stanislav;Stanislave
Stannis;Stannisi
Stáza;Stázo
Stephan;Stephane
Steven;Stevene
Stojmír;Stojmíre
Stuart;Stuarte
Svatava;Svatavo
Svatomír;Svatomíre
Svatoslav;Svatoslave
Světla;Světlo
Svetozar;Svetozare
Šae;Šae
Šárka;Šárko
Šavel;Šavli
Šerých;Šerých
Šimona;Šimono
Šnajdr;Šnajdře
Šťasta;Šťasto
Štěpánek;Štěpánku
Švec;Ševče
Tadeáš;Tadeáši
Tamara;Tamaro
Taras;Tarasi
Taťána;Taťáno
Techuaj;Techuaji
Tekla;Teklo
Telma;Telmo
Teodor;Teodore
Teodoz;Teodozi
Teodozie;Teodozie
Teofil;Teofile
Tereza;Terezo
Thea;Theo
Theon;Theone
Thor;Thore
Tiber;Tibere
Tichomil;Tichomile
Tichon;Tichone
Tichých;Tichých
Tim;Time
Timotej;Timoteji
Tinna;Tinno
Titus;Tite
Tolstoj;Tolstý
Tomáš;Tomáši
Tommen;Tommene
Torben;Torbene
Torkvát;Torkváte
Toska;Tosko
Tristan;Tristane
Tyrion;Tyrione
Ulrich;Ulrichu
Una;Uno
Unger;Ungře
Urban;Urbane
Václav;Václave
Václava;Václavo
Valdemar;Valdemare
Valdemara;Valdemaro
Valerián;Valeriáne
Valérie;Valérie
Vanesa;Vaneso
Vanessa;Vanesso
Vargai;Vargaii
Varys;Varysi
Vasil;Vasile
Vašek;Vašku
Veera;Veero
Veeti;Veetii
Vega;Vego
Veleslav;Veleslave
Veleslava;Veleslavo
Věnceslav;Věnceslave
Vendelína;Vendelíno
Venla;Venlo
Venus;Venero
Venuše;Venuše
Vepřek;Vepřku
Verner;Vernere
Veronika;Veroniko
Vesna;Vesno
Victor;Victore
Victoria;Victorie
Vidor;Vidore
Viktor;Viktore
Viktoría;Viktorío
Vilém;Viléme
Viljami;Viljami
Vilma;Vilmo
Vilmar;Vilmare
Vincenc;Vincenci
Vincent;Vincente
Viola;Violo
Virgil;Virgile
Vít;Víte
Víta;Víto
Vitold;Vitolde
Viviana;Viviano
Vladan;Vladane
Vladimíra;Vladimíro
Vladislav;Vladislave
Vlasta;Vlasto
Vlastimil;Vlastimile
Vlastimíra;Vlastimíro
Vlastislav;Vlastislave
Vojen;Vojene
Vojmír;Vojmíre
Vojmíra;Vojmíro
Vojta;Vojto
Vojtěch;Vojtěchu
Vojtěška;Vojtěško
Vratislav;Vratislave
Vratislava;Vratislavo
Všebor;Všebore
Všeslav;Všeslave
Vůl;Vole
Weasley;Weasley
White;White
Will;Wille
William;Williame
Wilma;Wilmo
Winter;Winteri
Wolker;Wolkře
Wolowitz;Wolowitzi
Xenie;Xenie
Xerxes;Xerxi
Ygritte;Ygritte
Yves;Yvesi
Zack;Zacku
Zachar;Zachare
Zaira;Zairo
Zavřel;Zavřeli
Zbygněv;Zbygněve
Zbyhněv;Zbyhněve
Zbyslav;Zbyslave
Zbyslava;Zbyslavo
Zbyšek;Zbyšku
Zderad;Zderade
Zdislava;Zdislavo
Zelda;Zeldo
Zeno;Zeno
Zeus;Die
Zina;Zino
Zlata;Zlato
Zlatan;Zlatane
Zoe;Zoe
Zoltán;Zoltáne
Zoroslav;Zoroslave
Zoroslava;Zoroslavo
Zubr;Zubře
Zvonimír;Zvonimíre
Zvonimíra;Zvonimíro
Žán;Žáne
Žaneta;Žaneto
Ždan;Ždane
Želimír;Želimíre
Želimíra;Želimíro
Žitomír;Žitomíre
Žitomíra;Žitomíro
Živan;Živane
Žofie;Žofie
